Toronto, Ontario
Montreal, Quebec
Vancouver, British Columbia
Calgary, Alberta
Edmonton, Alberta
Ottawa–Gatineau, Ontario/Quebec
Quebec City, Quebec
Winnipeg, Manitoba
Hamilton, Ontario
Kitchener, Ontario
London, Ontario
Victoria, British Columbia
St. Catharines–Niagara, Ontario
Halifax, Nova Scotia
Oshawa, Ontario
Windsor, Ontario
Saskatoon, Saskatchewan
Regina, Saskatchewan
Barrie, Ontario
St. John's, Newfoundland and Labrador
Abbotsford, British Columbia
Kelowna, British Columbia
Sherbrooke, Quebec
Trois-Rivières, Quebec
Guelph, Ontario
Kingston, Ontario
Moncton, New Brunswick
Sudbury, Ontario
Chicoutimi-Jonquière, Quebec
Thunder Bay, Ontario
Kanata, Ontario
Saint John, New Brunswick
Brantford, Ontario
Red Deer, Alberta
Nanaimo, British Columbia
Lethbridge, Alberta
Saint-Jean-sur-Richelieu, Quebec
White Rock, British Columbia
Peterborough, Ontario
Sarnia, Ontario
Milton, Ontario
Kamloops, British Columbia
Châteauguay, Quebec
Sault Ste. Marie, Ontario
Chilliwack, British Columbia
Drummondville, Quebec
Saint-Jérôme, Quebec
Medicine Hat, Alberta
Prince George, British Columbia
Belleville, Ontario
Fredericton, New Brunswick
Fort McMurray, Alberta
Granby, Quebec
Grande Prairie, Alberta
North Bay, Ontario
Beloeil, Quebec
Cornwall, Ontario
Saint-Hyacinthe, Quebec
Shawinigan, Quebec
Brandon, Manitoba
Vernon, British Columbia
Chatham, Ontario
Bowmanville-Newcastle, Ontario
Joliette, Quebec
Charlottetown, Prince Edward Island
Airdrie, Alberta
Victoriaville, Quebec
St. Thomas, Ontario
Courtenay, British Columbia
Georgetown, Ontario
Salaberry-de-Valleyfield, Quebec
Rimouski, Quebec
Woodstock, Ontario
Sorel-Tracy, Quebec
Penticton, British Columbia
Prince Albert, Saskatchewan
Campbell River, British Columbia
Moose Jaw, Saskatchewan
Cape Breton-Sydney, Nova Scotia
Midland, Ontario
Leamington, Ontario
Stratford, Ontario
Orangeville, Ontario
Timmins, Ontario
Orillia, Ontario
Walnut Grove, British Columbia
Spruce Grove, Alberta
Lloydminster, Alberta/Saskatchewan
Alma, Quebec
Bolton, Ontario
Saint-Georges, Quebec
Keswick-Elmhurst Beach, Ontario
Stouffville, Ontario
Okotoks, Alberta
Duncan, British Columbia
Parksville, British Columbia
Leduc, Alberta
Val-d'Or, Quebec
Rouyn-Noranda, Quebec
Buckingham, Quebec
